{"cameraMode":{"drawMode":0,"name":"Shaded","section":"Shading Mode"},"sceneLighting":true,"audioPlay":false,"sceneViewState":{"showFog":true,"showMaterialUpdate":false,"showSkybox":true,"showFlares":true,"showImageEffects":true,"showParticleSystems":true},"in2DMode":false,"pivot":{"x":-5.134888648986816,"y":5.59612512588501,"z":19.26905059814453},"rotation":{"x":0.11641472578048706,"y":-0.7299854159355164,"z":0.12855160236358643,"w":0.6611024141311646},"size":16.090229034423829,"orthographic":false}